Frequency,Impedance
5000,4767.2
5000,4767.29
5000,4767.7
5000,4766.72
5000,4766.97
5000,4767.25
5000,4767.11
5000,4767.03
5000,4766.78
5000,4766.92
5000,4768.56
5000,4767.64
5000,4768.29
5000,4768.22
5000,4768.22
5000,4767.44
5000,4767.55
5000,4768.04
5000,4767.94
5000,4768.05
5000,4767.03
5000,4766.4
5000,4767.22
5000,4766.85
5000,4765.31
5000,4765.77
5000,4765.82
5000,4765.42
5000,4765.32
5000,4764.57
5000,4765.04
5000,4765.46
5000,4764.93
5000,4765.18
5000,4764.69
5000,4765.01
5000,4765.47
5000,4764.89
5000,4765.12
5000,4764.63
5000,4765.23
5000,4764.4
5000,4765.07
5000,4765.04
5000,4764.82
5000,4764.56
5000,4765.41
5000,4764.71
5000,4765.03
5000,4764.79
10000,4746
10000,4745.53
10000,4746.35
10000,4745.58
10000,4745.7
10000,4745.78
10000,4745.88
10000,4745.35
10000,4745.34
10000,4746.01
10000,4745.82
10000,4745.47
10000,4745.8
10000,4745.98
10000,4745.04
10000,4745.21
10000,4745.91
10000,4745.66
10000,4745.32
10000,4745.86
10000,4745.8
10000,4745.22
10000,4745.3
10000,4745.82
10000,4745.83
10000,4745.82
10000,4745.68
10000,4745.94
10000,4745.84
10000,4745.94
10000,4745.98
10000,4745.67
10000,4745.94
10000,4745.82
10000,4745.79
10000,4745.94
10000,4746.11
10000,4745.94
10000,4745.94
10000,4745.79
10000,4746.02
10000,4745.3
10000,4745.51
10000,4745.76
10000,4745.95
10000,4745.51
10000,4745.91
10000,4745.83
10000,4745.8
10000,4745.62
15000,4748.47
15000,4749.23
15000,4749
15000,4748.76
15000,4748.62
15000,4749.15
15000,4748.88
15000,4748.33
15000,4749.39
15000,4748.92
15000,4749.09
15000,4748.29
15000,4748.29
15000,4748.15
15000,4748.19
15000,4748.8
15000,4748.27
15000,4748.35
15000,4749.11
15000,4748.05
15000,4748.99
15000,4748.64
15000,4748.24
15000,4749.3
15000,4749.14
15000,4749.12
15000,4749.03
15000,4748.79
15000,4749.24
15000,4749.03
15000,4748.91
15000,4748.42
15000,4748.95
15000,4748.87
15000,4748.67
15000,4748.24
15000,4748.93
15000,4749.13
15000,4748.25
15000,4748.13
15000,4749.03
15000,4748.44
15000,4748.54
15000,4748.38
15000,4748.46
15000,4749.07
15000,4748.87
15000,4748.48
15000,4749.23
15000,4748.93
20000,4695.41
20000,4696.25
20000,4695.47
20000,4695.83
20000,4695.77
20000,4695.37
20000,4694.86
20000,4695.94
20000,4695.66
20000,4695.94
20000,4695.18
20000,4696.17
20000,4696.11
20000,4695.61
20000,4696.15
20000,4696.07
20000,4695.86
20000,4695.48
20000,4696.23
20000,4696.15
20000,4695.94
20000,4695.71
20000,4696.6
20000,4695.99
20000,4696.28
20000,4695.48
20000,4696.51
20000,4695.69
20000,4695.69
20000,4696.47
20000,4696.13
20000,4695.98
20000,4695.79
20000,4696.72
20000,4695.94
20000,4695.62
20000,4695.43
20000,4696.15
20000,4695.35
20000,4696.13
20000,4695.68
20000,4696.13
20000,4695.12
20000,4695.94
20000,4695.66
20000,4695.96
20000,4695.52
20000,4695.98
20000,4695.41
20000,4695.66
25000,4716.7
25000,4716.22
25000,4715.85
25000,4716.04
25000,4716.78
25000,4716.29
25000,4716.57
25000,4716.07
25000,4716.11
25000,4716.56
25000,4716.71
25000,4716.52
25000,4715.7
25000,4716.59
25000,4716.27
25000,4716.32
25000,4715.91
25000,4715.93
25000,4717.13
25000,4716.44
25000,4716.3
25000,4716.1
25000,4715.83
25000,4716.3
25000,4716.35
25000,4716.49
25000,4716.47
25000,4715.71
25000,4716.75
25000,4716.68
25000,4715.64
25000,4716.33
25000,4716.26
25000,4715.92
25000,4717.1
25000,4716.93
25000,4717.25
25000,4716.64
25000,4716.29
25000,4716.37
25000,4717.01
25000,4716.93
25000,4716.66
25000,4716.49
25000,4717.08
25000,4717.5
25000,4717.35
25000,4717.06
25000,4716.56
25000,4716.32
30000,4699.91
30000,4699.06
30000,4699.24
30000,4699.6
30000,4699.71
30000,4699.92
30000,4699.66
30000,4699.71
30000,4698.91
30000,4699.53
30000,4699.63
30000,4699.77
30000,4699.53
30000,4699.64
30000,4699.46
30000,4699.2
30000,4699.89
30000,4699.38
30000,4699.24
30000,4699.27
30000,4699.06
30000,4699.45
30000,4699.81
30000,4699.3
30000,4699.34
30000,4699.12
30000,4699.45
30000,4699.74
30000,4699.03
30000,4699.42
30000,4698.85
30000,4699.55
30000,4698.53
30000,4699.5
30000,4699.39
30000,4698.7
30000,4699.45
30000,4698.67
30000,4699.5
30000,4699.35
30000,4699.45
30000,4699.27
30000,4698.95
30000,4699.24
30000,4698.83
30000,4699.49
30000,4699.19
30000,4698.83
30000,4699.34
30000,4699.01
35000,4696.11
35000,4696.58
35000,4696.29
35000,4695.91
35000,4696.48
35000,4696.45
35000,4696.6
35000,4696.61
35000,4696.6
35000,4695.9
35000,4696.22
35000,4695.72
35000,4696.79
35000,4696.61
35000,4696.28
35000,4696.59
35000,4696.42
35000,4696.26
35000,4696.41
35000,4696.25
35000,4696.55
35000,4696.08
35000,4695.89
35000,4695.57
35000,4696.42
35000,4696.41
35000,4696.25
35000,4696.25
35000,4696.24
35000,4695.89
35000,4696.22
35000,4695.39
35000,4696.62
35000,4696.94
35000,4696.45
35000,4696.75
35000,4696.42
35000,4696.42
35000,4696.05
35000,4695.72
35000,4696.78
35000,4696.59
35000,4696.45
35000,4696.76
35000,4696.58
35000,4696.73
35000,4696.42
35000,4696.23
35000,4696.4
35000,4695.73
40000,4681.77
40000,4682.58
40000,4681.77
40000,4682.58
40000,4682.29
40000,4682.48
40000,4681.99
40000,4682.22
40000,4681.88
40000,4682.36
40000,4682.07
40000,4682.29
40000,4682.68
40000,4682.24
40000,4681.89
40000,4682.5
40000,4682.36
40000,4682.28
40000,4681.8
40000,4682.28
40000,4682.2
40000,4682.16
40000,4682.28
40000,4682.16
40000,4682.14
40000,4682.74
40000,4682.82
40000,4682.08
40000,4682.66
40000,4682.56
40000,4682.22
40000,4682.38
40000,4682.36
40000,4682.48
40000,4682.24
40000,4682.12
40000,4682.12
40000,4682.38
40000,4682.16
40000,4682.22
40000,4681.91
40000,4682.38
40000,4682.58
40000,4681.88
40000,4682.1
40000,4682.28
40000,4682.54
40000,4682.34
40000,4682.4
40000,4682.66
45000,4668.33
45000,4668.55
45000,4668.5
45000,4667.5
45000,4668.11
45000,4668.19
45000,4668.18
45000,4668.11
45000,4667.97
45000,4667.3
45000,4666.94
45000,4668.03
45000,4667.18
45000,4668.04
45000,4667.65
45000,4667.45
45000,4667.96
45000,4668.02
45000,4668.33
45000,4668.09
45000,4667.06
45000,4668.55
45000,4667.85
45000,4668.33
45000,4667.38
45000,4667.43
45000,4667.26
45000,4667.82
45000,4668.03
45000,4667.65
45000,4668.23
45000,4668.14
45000,4667.21
45000,4668.16
45000,4668.04
45000,4668.38
45000,4668.14
45000,4667.43
45000,4668.52
45000,4667.7
45000,4668.31
45000,4667.7
45000,4667.33
45000,4668.38
45000,4667.92
45000,4668.08
45000,4667.94
45000,4668.35
45000,4668.14
45000,4667.04
50000,4644.19
50000,4644.8
50000,4644.08
50000,4644.6
50000,4644.5
50000,4644.09
50000,4644.7
50000,4644.82
50000,4645.44
50000,4644.1
50000,4644.81
50000,4644.71
50000,4645.32
50000,4643.99
50000,4644.71
50000,4644.91
50000,4644.72
50000,4644.91
50000,4643.68
50000,4644.29
50000,4643.99
50000,4645.11
50000,4643.99
50000,4644.79
50000,4645
50000,4644.71
50000,4644.08
50000,4643.68
50000,4644.39
50000,4643.78
50000,4645.01
50000,4643.87
50000,4644.59
50000,4643.06
50000,4644.29
50000,4644.18
50000,4643.78
50000,4644.69
50000,4643.78
50000,4644.7
50000,4643.97
50000,4644.69
50000,4643.37
50000,4644.7
50000,4644.49
50000,4644.6
50000,4644.81
50000,4643.79
50000,4644.6
50000,4644.19
55000,4625.36
55000,4624.88
55000,4624.82
55000,4624.64
55000,4624.51
55000,4624.93
55000,4625.39
55000,4625.23
55000,4624.62
55000,4624.86
55000,4625.01
55000,4625.04
55000,4624.16
55000,4624.45
55000,4624.64
55000,4625.04
55000,4625.47
55000,4624.67
55000,4625.1
55000,4625.26
55000,4625.04
55000,4624.54
55000,4624.75
55000,4625.04
55000,4625.5
55000,4625.36
55000,4625.28
55000,4625.57
55000,4626.08
55000,4625.89
55000,4625.57
55000,4625.65
55000,4625.57
55000,4626.16
55000,4626.15
55000,4626.58
55000,4626.79
55000,4627.03
55000,4627.25
55000,4626.74
55000,4626.71
55000,4626.71
55000,4626.98
55000,4627.17
55000,4626.41
55000,4626.92
55000,4627.17
55000,4627.06
55000,4625.86
55000,4625.36
60000,4610.5
60000,4609.44
60000,4609.64
60000,4609.28
60000,4609.66
60000,4609.76
60000,4609.44
60000,4609.34
60000,4609.72
60000,4609.11
60000,4609.62
60000,4609.82
60000,4609.86
60000,4609.23
60000,4609.28
60000,4609.23
60000,4609.56
60000,4609.01
60000,4608.97
60000,4609.29
60000,4609.07
60000,4608.95
60000,4609.23
60000,4608.91
60000,4608.93
60000,4609.35
60000,4609.01
60000,4608.97
60000,4609.13
60000,4609.07
60000,4609.19
60000,4609.58
60000,4609.23
60000,4609.13
60000,4609.25
60000,4609.25
60000,4609.25
60000,4609.58
60000,4609.17
60000,4609.13
60000,4609.74
60000,4609.07
60000,4609.13
60000,4609.7
60000,4608.91
60000,4608.91
60000,4609.52
60000,4608.97
60000,4609.01
60000,4609.29
65000,4566.63
65000,4569.58
65000,4568.56
65000,4568.42
65000,4567.94
65000,4569.8
65000,4568.68
65000,4569.72
65000,4568.64
65000,4569.66
65000,4568.76
65000,4569.21
65000,4569.25
65000,4568.55
65000,4569.88
65000,4568.53
65000,4569.8
65000,4568.97
65000,4569.17
65000,4569.57
65000,4569.17
65000,4569.54
65000,4568.64
65000,4568.95
65000,4568.34
65000,4568.72
65000,4569.04
65000,4569.13
65000,4569.05
65000,4568.83
65000,4569.12
65000,4568.79
65000,4569.35
65000,4568.56
65000,4569.21
65000,4569.16
65000,4569.01
65000,4568.6
65000,4568.68
65000,4568.64
65000,4568.5
65000,4568.91
65000,4569.54
65000,4569.17
65000,4569.31
65000,4567.94
65000,4569.02
65000,4568.13
65000,4569.02
65000,4568.16
70000,4541.55
70000,4542.11
70000,4541.9
70000,4541.49
70000,4541.81
70000,4541.8
70000,4541.75
70000,4542.03
70000,4541.67
70000,4542.41
70000,4541.62
70000,4541.39
70000,4541.89
70000,4542.24
70000,4542.5
70000,4542.13
70000,4542.22
70000,4541.88
70000,4543.21
70000,4542.55
70000,4541.3
70000,4542.87
70000,4543.02
70000,4542.86
70000,4542.74
70000,4542.79
70000,4542.83
70000,4543.36
70000,4542.77
70000,4542.6
70000,4542.59
70000,4542.79
70000,4543.07
70000,4543.21
70000,4543.02
70000,4542.22
70000,4542.26
70000,4542.74
70000,4543.49
70000,4543.64
70000,4543.7
70000,4544.06
70000,4543.66
70000,4544.79
70000,4543.68
70000,4543.27
70000,4544.46
70000,4545.86
70000,4543.04
70000,4543.31
75000,4517.09
75000,4513.4
75000,4513.42
75000,4511.12
75000,4511.82
75000,4512.51
75000,4512.95
75000,4510.65
75000,4511.13
75000,4512.05
75000,4512.97
75000,4512.95
75000,4511.35
75000,4512.51
75000,4512.5
75000,4511.35
75000,4511.58
75000,4511.83
75000,4512.51
75000,4512.72
75000,4511.58
75000,4512.27
75000,4512.96
75000,4510.67
75000,4511.82
75000,4512.28
75000,4512.73
75000,4510.66
75000,4511.58
75000,4512.28
75000,4512.73
75000,4511.11
75000,4511.58
75000,4512.28
75000,4512.5
75000,4510.88
75000,4511.59
75000,4512.06
75000,4512.51
75000,4510.88
75000,4511.58
75000,4512.28
75000,4512.28
75000,4509.97
75000,4511.59
75000,4511.82
75000,4512.72
75000,4510.89
75000,4510.9
75000,4511.6
80000,4480.7
80000,4480.92
80000,4480.48
80000,4481.35
80000,4481.84
80000,4483.63
80000,4484.93
80000,4484.1
80000,4482.38
80000,4482.53
80000,4482.06
80000,4481.66
80000,4481.37
80000,4480.68
80000,4480.61
80000,4481.66
80000,4481.93
80000,4482.6
80000,4481.91
80000,4482.04
80000,4482.2
80000,4482.62
80000,4483.09
80000,4484.64
80000,4484.48
80000,4484.41
80000,4482.18
80000,4481.35
80000,4481.01
80000,4480.58
80000,4480.29
80000,4480.61
80000,4480.07
80000,4480.14
80000,4480.36
80000,4480.07
80000,4480.45
80000,4479.94
80000,4479.18
80000,4479.69
80000,4479.2
80000,4479.69
80000,4479
80000,4479.72
80000,4478.78
80000,4478.73
80000,4478.78
80000,4478.89
80000,4478.73
80000,4478.76
85000,4442.24
85000,4442.79
85000,4446.13
85000,4441.84
85000,4444.19
85000,4446.52
85000,4444.76
85000,4445.13
85000,4442.97
85000,4445.02
85000,4442.74
85000,4444.85
85000,4441.75
85000,4441.93
85000,4444.82
85000,4446.78
85000,4444.69
85000,4446.56
85000,4444.5
85000,4442.91
85000,4441.72
85000,4443.28
85000,4447.09
85000,4444.68
85000,4445.65
85000,4443.67
85000,4443.92
85000,4441.33
85000,4443.63
85000,4441.45
85000,4444.55
85000,4444.47
85000,4443.1
85000,4444.92
85000,4443.22
85000,4441.41
85000,4441.23
85000,4444.33
85000,4444.13
85000,4443.48
85000,4445.58
85000,4443.44
85000,4441.67
85000,4442.38
85000,4445.04
85000,4443.92
85000,4443.66
85000,4445.97
85000,4443.52
85000,4444.01
90000,4401.83
90000,4403.35
90000,4404.17
90000,4402.95
90000,4403.8
90000,4402.79
90000,4402.59
90000,4403.01
90000,4403.89
90000,4402.95
90000,4402.61
90000,4403.44
90000,4403.74
90000,4402.85
90000,4402.74
90000,4403.07
90000,4403.71
90000,4403.4
90000,4402.86
90000,4403.35
90000,4403.71
90000,4403.22
90000,4403.01
90000,4403.71
90000,4403.71
90000,4403.68
90000,4402.95
90000,4403.47
90000,4403.92
90000,4403.59
90000,4402.86
90000,4403.59
90000,4403.74
90000,4403.83
90000,4402.98
90000,4403.41
90000,4403.65
90000,4403.89
90000,4402.59
90000,4403.41
90000,4403.35
90000,4403.95
90000,4402.68
90000,4403.35
90000,4403.56
90000,4403.95
90000,4402.77
90000,4403.35
90000,4403.22
90000,4404.07
95000,4350.3
95000,4351.41
95000,4349.81
95000,4350.91
95000,4351.49
95000,4350.26
95000,4350.26
95000,4351.65
95000,4351
95000,4350.07
95000,4350.26
95000,4351.13
95000,4351.22
95000,4350.2
95000,4350.34
95000,4351.79
95000,4350.64
95000,4349.9
95000,4350.06
95000,4351.29
95000,4350.92
95000,4349.87
95000,4350.94
95000,4350.03
95000,4350.63
95000,4351.4
95000,4350.51
95000,4350.07
95000,4350.72
95000,4351.25
95000,4350.73
95000,4350.2
95000,4351
95000,4351.24
95000,4349.82
95000,4349.59
95000,4350.77
95000,4350.17
95000,4351.13
95000,4351.42
95000,4350.24
95000,4350.49
95000,4351.48
95000,4350.77
95000,4349.75
95000,4350.11
95000,4351.6
95000,4350.85
95000,4349.87
95000,4350.97
100000,4329.5
100000,4329.39
100000,4329.87
100000,4329.97
100000,4330.08
100000,4329.59
100000,4329.19
100000,4329.29
100000,4329.49
100000,4329.78
100000,4329.69
100000,4329.68
100000,4329.87
100000,4329.79
100000,4329.39
100000,4329.21
100000,4329.2
100000,4329.39
100000,4329.5
100000,4329.78
100000,4329.5
100000,4329.87
100000,4329.58
100000,4329.29
100000,4329.88
100000,4329.2
100000,4329.5
100000,4329.39
100000,4329.59
100000,4329.59
100000,4329.49
100000,4329.79
100000,4329.39
100000,4329.59
100000,4329.2
100000,4329.49
100000,4329.4
100000,4329.49
100000,4329.68
100000,4329.88
100000,4329.98
100000,4329.59
100000,4329.5
100000,4329.01
100000,4329.49
100000,4329.39
100000,4329.49
100000,4329.88
100000,4329.69
100000,4329.78
5000,4762.84
5000,4763.23
5000,4763.52
5000,4763.35
5000,4763.29
5000,4762.5
5000,4763.12
5000,4762.39
5000,4763.35
5000,4763.35
5000,4762.33
5000,4763.07
5000,4763.52
5000,4762.9
5000,4763.35
5000,4762.95
5000,4762.73
5000,4763.18
5000,4763.01
5000,4763.24
5000,4762.95
5000,4762.73
5000,4763.46
5000,4763.12
5000,4763.46
5000,4762.78
5000,4762.22
5000,4763.29
5000,4763.06
5000,4763.52
5000,4762.95
5000,4762.84
5000,4763.12
5000,4762.55
5000,4763.29
5000,4763.12
5000,4763.46
5000,4762.78
5000,4762.49
5000,4763.17
5000,4763.05
5000,4762.43
5000,4762.71
5000,4762.43
5000,4763.33
5000,4763.16
5000,4763.38
5000,4763.05
5000,4762.65
5000,4763.21
10000,4744.93
10000,4744.88
10000,4745
10000,4744.62
10000,4744.93
10000,4745.18
10000,4744.83
10000,4744.77
10000,4745.24
10000,4744.77
10000,4744.93
10000,4744.93
10000,4744.9
10000,4745.13
10000,4745.34
10000,4744.93
10000,4745.16
10000,4745.41
10000,4744.75
10000,4745.03
10000,4745.08
10000,4745.03
10000,4744.9
10000,4745
10000,4744.83
10000,4745.13
10000,4745.18
10000,4744.95
10000,4745.64
10000,4745.21
10000,4744.95
10000,4744.98
10000,4745.03
10000,4744.8
10000,4745.36
10000,4745.23
10000,4744.39
10000,4745.34
10000,4744.95
10000,4744.72
10000,4745.36
10000,4745.23
10000,4744.93
10000,4745.24
10000,4745.84
10000,4746.31
15000,4748.13
15000,4747.82
15000,4748.13
15000,4748.78
15000,4748.43
15000,4747.99
15000,4748.14
15000,4748.5
15000,4748.49
15000,4747.9
15000,4747.83
15000,4748.12
15000,4747.96
15000,4747.54
15000,4748.35
15000,4747.76
15000,4747.68
15000,4748.19
15000,4748.56
15000,4747.85
15000,4747.62
15000,4747.47
15000,4748.42
15000,4748.21
15000,4748.79
15000,4748.19
15000,4747.82
15000,4748.3
15000,4748.07
15000,4747.93
15000,4748.44
15000,4748.5
15000,4748.35
20000,4694.89
20000,4695.51
20000,4695.09
20000,4694.99
20000,4694.78
20000,4695.29
20000,4694.79
20000,4694.99
20000,4694.79
20000,4695.3
20000,4694.38
20000,4695.2
20000,4694.79
20000,4695
20000,4694.17
20000,4695.2
20000,4694.68
20000,4695
20000,4694.38
20000,4695.4
20000,4696.33
20000,1166714
20000,4695.5
20000,4695.19
20000,4695.18
20000,4694.68
20000,4695.2
20000,4694.58
20000,4694.99
20000,4694.89
20000,4695.51
20000,4694.07
20000,4695.1
20000,4694.79
20000,4695
20000,4694.59
20000,4695.3
20000,4694.48
20000,4694.58
20000,4694.68
20000,4695.41
20000,4694.48
20000,4694.99
20000,4695
20000,4695.2
20000,4694.48
20000,4694.79
20000,4695.41
20000,4695.2
25000,4715.17
25000,4715.68
25000,4715.94
25000,4715.62
25000,4715.62
25000,4714.91
25000,4714.91
25000,4715.68
25000,4714.98
25000,4715.11
25000,4715.23
25000,4715.88
25000,4715.49
25000,4716.07
25000,4714.91
25000,4714.59
25000,4715.55
25000,4715.36
25000,4715.68
25000,4714.78
25000,4714.98
25000,4715.3
25000,4715.49
25000,4715.49
25000,4716.26
25000,4715.88
25000,4715.23
25000,4715.68
25000,4715.43
25000,4715.43
25000,4715.88
25000,4715.23
25000,4715.49
25000,4715.94
25000,4715.68
25000,4715.49
25000,4715.36
25000,4714.98
25000,4715.55
25000,4715.04
25000,4716.13
25000,4714.59
25000,4715.3
25000,4715.88
25000,4715.49
25000,4715.68
25000,4715.81
25000,4714.85
25000,4715.68
25000,4716
30000,4697.82
30000,4698.32
30000,4698.67
30000,4698.64
30000,4698.5
30000,4698.62
30000,4698.07
30000,4697.99
30000,4698.47
30000,4697.84
30000,4698.39
30000,4698.59
30000,4698.2
30000,4698.32
30000,4698.09
30000,4698.29
30000,4698.79
30000,4698.94
30000,4698.29
30000,4697.99
30000,4698.5
30000,4697.84
30000,4698.44
30000,4698.52
30000,4697.72
30000,4698.34
30000,4697.99
30000,4698.44
30000,4698.52
30000,4698.22
30000,4698.37
30000,4698.37
30000,4698.29
30000,4698.34
30000,4698.67
30000,4698.2
30000,4697.97
30000,4698.5
30000,4698.02
30000,4698.2
30000,4698.55
30000,4698.12
30000,4698.22
30000,4697.9
30000,4698.37
30000,4698.72
30000,4698.57
30000,4698.25
30000,4698.05
30000,4698.34
35000,4695.15
35000,4694.38
35000,4695.26
35000,4695.57
35000,4694.99
35000,4694.68
35000,4694.69
35000,4695.8
35000,4695.9
35000,4694.89
35000,4695.36
35000,4695.02
35000,4694.43
35000,4696.43
35000,4696.35
35000,4695.9
35000,4696.16
35000,4695.36
35000,4695.61
35000,4693.92
35000,4694.54
35000,4696.21
35000,4696.17
35000,4695.86
35000,4696.31
35000,4695.48
35000,4695.37
35000,4694.07
35000,4694.52
35000,4695.89
35000,4696.31
35000,4696.03
35000,4695.53
35000,4694.73
35000,4695.69
35000,4694.26
35000,4695.06
35000,4696.21
35000,4696.32
35000,4695.85
35000,4695.56
35000,4694.89
35000,4695.37
35000,4694.41
35000,4695.19
35000,4695.86
35000,4695.76
35000,4694.92
35000,4695.53
35000,4694.59
40000,4681.06
40000,4681.47
40000,4680.82
40000,4681.42
40000,4681.24
40000,4681.33
40000,4681.15
40000,4681.15
40000,4681.42
40000,4681.24
40000,4681.19
40000,4681.38
40000,4681.05
40000,4681.01
40000,4681.29
40000,4681.01
40000,4681.05
40000,4681.15
40000,4681.15
40000,4681.33
40000,4680.92
40000,4681.65
40000,4681.38
40000,4681.2
40000,4681.1
40000,4681.47
40000,4681.38
40000,4681.29
40000,4681.66
40000,4681.28
40000,4681.01
40000,4681.61
40000,4681.38
40000,4681.38
40000,4681.1
40000,4681.2
40000,4681.75
40000,4681.15
40000,4681.65
40000,4681.33
40000,4681.24
40000,4681.1
40000,4681.38
40000,4681.79
40000,4681.42
40000,4681.1
40000,4680.87
40000,4682.02
40000,4681.33
40000,4681.05
45000,4665.8
45000,4666.84
45000,4666.66
45000,4666.48
45000,4667.09
45000,4667.17
45000,4666.2
45000,4666.89
45000,4666.6
45000,4667.68
45000,4666.98
45000,4666.11
45000,4667.21
45000,4666.76
45000,4667.6
45000,4666.91
45000,4665.8
45000,4666.93
45000,4666.84
45000,4667.52
45000,4666.44
45000,4666.23
45000,4666.98
45000,4666.84
45000,4667.13
45000,4665.65
45000,4667.14
45000,4666.12
45000,4667.18
45000,4666.58
45000,4666.52
45000,4666.7
45000,4666.4
45000,4667.13
45000,4667.29
45000,4667.52
45000,4666.08
45000,4665.84
45000,4667.06
45000,4666.92
45000,4666.98
45000,4666.72
45000,4666.47
45000,4667.18
45000,4666.24
45000,4667.29
50000,4643.42
50000,4642.36
50000,4643.51
50000,4642.1
50000,4643.14
50000,4643.2
50000,4642.72
50000,4643.51
50000,4642.52
50000,4643.41
50000,4642.76
50000,4643.3
50000,4643.42
50000,4643.02
50000,4643.29
50000,4642.82
50000,4643.52
50000,4642.49
50000,4643.28
50000,4642.88
50000,4643.21
50000,4643.11
50000,4642.72
50000,4643.3
50000,4642.9
50000,4643.3
50000,4642.31
50000,4643.47
50000,4642.7
50000,4643.22
50000,4643.32
50000,4642.81
50000,4643
50000,4642.7
50000,4643.17
50000,4642.25
50000,4643.33
50000,4642.89
50000,4643.31
50000,4643.01
50000,4642.7
50000,4643.45
50000,4642.75
50000,4643.56
50000,4642.2
50000,4643.43
50000,4642.8
50000,4643.32
50000,4643.01
50000,4642.67
55000,4623.29
55000,4623.16
55000,4623.1
55000,4623.35
55000,4623.78
55000,4623.67
55000,4623.21
55000,4622.86
55000,4623.72
55000,4623.64
55000,4623.18
55000,4623.08
55000,4623.16
55000,4623.82
55000,4623.94
55000,4623.16
55000,4623.24
55000,4623.37
55000,4623.61
55000,4623.24
55000,4623
55000,4623.33
55000,4623.8
55000,4623.8
55000,4623.27
55000,4623.37
55000,4623.57
55000,4623.74
55000,4622.83
55000,4623.21
55000,4623.57
55000,4623.47
55000,4623.88
55000,4623.21
55000,4623.37
55000,4623.64
55000,4623.74
55000,4622.83
55000,4623.02
55000,4623.27
55000,4623.61
55000,4623.72
55000,4622.84
55000,4623.29
55000,4623.57
55000,4623.64
55000,4623.16
55000,4623.29
55000,4623.39
55000,4623.67
60000,4608.05
60000,4607.83
60000,4607.78
60000,4607.89
60000,4608.11
60000,4607.89
60000,4607.89
60000,4608
60000,4607.77
60000,4608
60000,4608
60000,4607.94
60000,4607.62
60000,4608
60000,4607.89
60000,4607.67
60000,4608.11
60000,4607.67
60000,4607.72
60000,4608
60000,4607.77
60000,4607.5
60000,4607.78
60000,4607.83
60000,4607.54
60000,4607.77
60000,4608.1
60000,4607.55
60000,4607.88
60000,4607.88
60000,4607.43
60000,4607.71
60000,4607.82
60000,4607.49
60000,4607.55
60000,4607.93
60000,4607.5
60000,4607.62
60000,4608
60000,4607.5
60000,4607.72
60000,4607.84
60000,4607.56
60000,4607.94
60000,4607.67
60000,4607.62
60000,4607.67
60000,4607.89
60000,4607.62
60000,4607.72
65000,4564.72
65000,4565.27
65000,4565.35
65000,4565.24
65000,4565.42
65000,4564.93
65000,4565.2
65000,4564.38
65000,4565.53
65000,4564.6
65000,4565.31
65000,4564.49
65000,4565.16
65000,4564.9
65000,4564.83
65000,4564.79
65000,4564.56
65000,4564.79
65000,4565.01
65000,4564.86
65000,4565.27
65000,4565.35
65000,4565.24
65000,4564.45
65000,4565.31
65000,4564.41
65000,4565.46
65000,4564.34
65000,4565.2
65000,4564.79
65000,4565.09
65000,4564.83
65000,4564.41
65000,4564.79
65000,4564.56
65000,4564.83
65000,4564.34
65000,4564.83
65000,4564.94
65000,4564.86
65000,4564.9
65000,4564.64
65000,4565.13
65000,4565.24
65000,4565.16
65000,4564.34
65000,4565.38
65000,4565.05
65000,4564.56
65000,4564.6
70000,4537.19
70000,4537.89
70000,4537.3
70000,4537.59
70000,4537.48
70000,4537.8
70000,4537.94
70000,4537.73
70000,4538.1
70000,4537.46
70000,4537.23
70000,4537.72
70000,4537.64
70000,4537.72
70000,4537.82
70000,4537.86
70000,4537.75
70000,4537.1
70000,4537.25
70000,4536.99
70000,4537.72
70000,4537.78
70000,4537.73
70000,4537.8
70000,4538.12
70000,4537.75
70000,4538.33
70000,4537.46
70000,4537.19
70000,4537.69
70000,4537.88
70000,4538.15
70000,4537.76
70000,4537.91
70000,4537.51
70000,4536.85
70000,4537.44
70000,4537.43
70000,4537.72
70000,4537.78
70000,4537.75
70000,4537.93
70000,4537.91
70000,4537.72
70000,4537.2
70000,4537.95
70000,4537.14
70000,4537.44
70000,4537.75
70000,4538.07
75000,4507.87
75000,4509.95
75000,4509.5
75000,4509.29
75000,4509.96
75000,4507.88
75000,4508.82
75000,4509.53
75000,4509.74
75000,4507.65
75000,4508.61
75000,4509.51
75000,4510.19
75000,4507.42
75000,4508.37
75000,4509.52
75000,4509.97
75000,4506.91
75000,4507.87
75000,4508.59
75000,4509.3
75000,4509.98
75000,4508.12
75000,4508.82
75000,4509.29
75000,4509.74
75000,4508.32
75000,4509.05
75000,4509.3
75000,4509.96
75000,4508.09
75000,4509.04
75000,4509.96
75000,4509.96
75000,4507.42
75000,4508.82
75000,4509.29
75000,4510.18
75000,4507.63
75000,4508.58
75000,4509.28
75000,4509.96
75000,4508.08
75000,4508.58
75000,4509.29
75000,4509.72
75000,4507.85
75000,4508.77
75000,4509.5
75000,4509.95
80000,4477.33
80000,4478.67
80000,4478.32
80000,4478.91
80000,4478.39
80000,4479.58
80000,4480.3
80000,4478.77
80000,4477.8
80000,4478.99
80000,4478.62
80000,4478.49
80000,4477.78
80000,4477.8
80000,4478.94
80000,4478.74
80000,4478.15
80000,4478.27
80000,4479.58
80000,4479.93
80000,4479.06
80000,4478.62
80000,4479.53
80000,4480.84
80000,4479.73
80000,4478.3
80000,4478.64
80000,4479.04
80000,4478.27
80000,4477.75
80000,4478
80000,4478.2
80000,4478.72
80000,4478.25
80000,4478.59
80000,4478.82
80000,4479.11
80000,4478.84
80000,4478.35
80000,4478.35
80000,4479.09
80000,4479.66
80000,4478.42
80000,4478.44
80000,4478.57
80000,4478.87
80000,4478.44
80000,4477.85
80000,4478.2
80000,4478.37
85000,4443.11
85000,4444.51
85000,4444.02
85000,4444.94
85000,4446.35
85000,4444.2
85000,4442.8
85000,4447.09
85000,4445.9
85000,4441.57
85000,4444.03
85000,4445.43
85000,4445.56
85000,4443.84
85000,4441.09
85000,4445.29
85000,4444.77
85000,4444.77
85000,4443.68
85000,4441.13
85000,4443.8
85000,4445.43
85000,4445.6
85000,4443.54
85000,4441
85000,4444.63
85000,4444.73
85000,4445.03
85000,4444.51
85000,4446.87
85000,4445.2
85000,4441.66
85000,4444.9
85000,4443.72
85000,4448.49
85000,4445.86
85000,4442.09
85000,4444.2
85000,4443.46
85000,4446.78
85000,4445.82
85000,4445.03
85000,4444.15
85000,4444.77
85000,4445.81
85000,4442.8
85000,4445.03
85000,4447.22
85000,4445.95
85000,4445.16
90000,4403.4
90000,4405.15
90000,4403.24
90000,4402.36
90000,4403.43
90000,4403.11
90000,4405.95
90000,4403.03
90000,4403.28
90000,4402.5
90000,4405.46
90000,4403.7
90000,4404.25
90000,4402.77
90000,4405.82
90000,4405.88
90000,4404.95
90000,4402.84
90000,4406.71
90000,4419.45
90000,4409.78
90000,4403.26
90000,4405.1
90000,4409.69
90000,4408.33
90000,4402.69
90000,4404.45
90000,4411.04
90000,4420.69
90000,4404.55
90000,4404.51
90000,4404.35
90000,4421.27
90000,4419.39
90000,4407.09
90000,4406.02
90000,4421.3
90000,4419.27
90000,4406.12
90000,4402.33
90000,4406.48
90000,4419.06
90000,4407.24
90000,4402.18
90000,4405.46
90000,4405.01
90000,4405.89
90000,4401.63
90000,4404.61
90000,4404.82
95000,4353.86
95000,4351.83
95000,4353.74
95000,4359.42
95000,4356.55
95000,4352.19
95000,4352.45
95000,4352.32
95000,4356.82
95000,4354.91
95000,4351.83
95000,4355.48
95000,4369.14
95000,4367.59
95000,4352.56
95000,4351.55
95000,4353.01
95000,4368.46
95000,4356.1
95000,4351.8
95000,4353.82
95000,4368.08
95000,4353.06
95000,4350.33
95000,4350.86
95000,4354.76
95000,4367.92
95000,4354.84
95000,4352
95000,4352.68
95000,4367.97
95000,4358.94
95000,4351.83
95000,4351.22
95000,4356.8
95000,4360.66
95000,4352.11
95000,4351.87
95000,4352.97
95000,4365.99
95000,4355.2
95000,4351.39
95000,4353.1
95000,4364.16
95000,4366.26
95000,4352.08
95000,4352.24
95000,4354.19
95000,4367.5
95000,4356.78
100000,4330.89
100000,4338.8
100000,4347.84
100000,4346.55
100000,4331.28
100000,4331.09
100000,4347.69
100000,4333.43
100000,4328.83
100000,4329.52
100000,4331.08
100000,4337.34
100000,4335.39
100000,4329.81
100000,4329.13
100000,4328.74
100000,4329.13
100000,4328.25
100000,4328.74
100000,4328.64
100000,4328.54
100000,4328.25
100000,4328.35
100000,4330.3
100000,4330.01
100000,4329.42
100000,4328.74
100000,4330.3
100000,4330.89
100000,4329.32
100000,4330.6
100000,4348.28
100000,4348.76
100000,4348.28
100000,4349.2
100000,4348.98
100000,4350.34
100000,4349.44
100000,4349.83
100000,4350.74
100000,4350.75
100000,4350.24
100000,4350.54
100000,4351.22
100000,4350.01
100000,4349.98
100000,4349.84
100000,4350.83
100000,4350.63
100000,4350.41
5000,3679993
5000,3548300
5000,3894205
5000,3703846.25
5000,3598769.25
5000,3848371.5
5000,3606156.5
5000,3821635.75
5000,3522696.75
5000,3894205
5000,3679993
5000,3444776.25
5000,3598769.25
5000,3265961
5000,3586557.75
5000,3477532.5
5000,3310907.5
5000,3310907.5
5000,3548300
5000,3290078.25
5000,3245963.25
5000,3425561.25
5000,3357762.25
5000,3425561.25
5000,3290078.25
5000,3245963.25
5000,3310907.5
5000,3328247.25
5000,3310907.5
5000,3203576.75
5000,3357762.25
5000,3203576.75
5000,3102898.25
5000,3245963.25
5000,3043295.25
5000,3240572.75
5000,3310907.5
5000,3128384.5
5000,3136478.75
5000,3065810.75
5000,3128384.5
5000,3128384.5
5000,2974446.25
5000,2947107.25
5000,3136478.75
5000,2888250.5
5000,3021268.75
5000,3038851.25
5000,2992630.5
5000,3008279.75
10000,2145543.5
10000,2055542
10000,2255787
10000,2164681.5
10000,2033751.25
10000,2118774.75
10000,2118774.75
10000,2107250
10000,2069993.37
10000,2056927.37
10000,2200007.5
10000,2079957.87
10000,2172808.25
10000,2225322.25
10000,2107250
10000,2200007.5
10000,2133063.25
10000,2020917.25
10000,2213708
10000,2184894.75
10000,2020917.25
10000,2033751.25
10000,2166839.75
10000,2094445.75
10000,2033751.25
10000,1976402.75
10000,2069993.37
10000,2094445.75
10000,2118269.75
10000,2056927.37
10000,1985070.37
10000,1985070.37
10000,2102791.25
10000,2079957.87
10000,2079957.87
10000,1930871.12
10000,2133063.25
10000,1964215.25
10000,2069993.37
10000,2118774.75
10000,2020479.12
10000,2056927.37
10000,2079957.87
10000,2133063.25
10000,2118774.75
10000,1964215.25
10000,2026198.12
10000,2079957.87
10000,2118774.75
10000,2079957.87
15000,1408091.75
15000,1409428.87
15000,1328697.75
15000,1340701.75
15000,1350150.25
15000,1413914.25
15000,1490642.87
15000,1312901.87
15000,1552366
15000,1376680.5
15000,1487309.62
15000,1343399.37
15000,1328697.75
15000,1339295.25
15000,1520752.62
15000,1328697.75
15000,1421333.25
15000,1426241.75
15000,1502939.62
15000,1354884
15000,1342498.5
15000,1373777.75
15000,1438580.87
15000,1458941.75
15000,1385500.5
15000,1290401.5
15000,1227390.62
15000,1324355.62
15000,1410471.75
15000,1201596.12
15000,1194287.12
15000,1252825.75
15000,1269889.25
15000,1182777.12
15000,1285857.62
15000,1451083.62
15000,1191670.25
15000,1294071.25
15000,1229756
15000,1358067.62
15000,1399418.37
15000,1331699.87
15000,1224648.37
15000,1235729.62
15000,1318713.37
15000,1173994
15000,1269889.25
15000,1239760.75
15000,1202519.12
15000,1135395.37
20000,1041763.93
20000,1109927.25
20000,979726.93
20000,952877.37
20000,952217.62
20000,958540.93
20000,966465.06
20000,1091604
20000,973078.43
20000,991949.93
20000,986409
20000,1100724
20000,1021766.06
20000,1107697.37
20000,1090895.5
20000,1055981.12
20000,966465.06
20000,1063705
20000,927598.12
20000,1073619.25
20000,978805.37
20000,1032338.75
20000,1083122.5
20000,1064756.5
20000,945925.5
20000,964893.87
20000,1100142.75
20000,952217.62
20000,939666
20000,952217.62
20000,940390.62
20000,1055981.12
20000,999866.43
20000,959888.18
20000,1071466.62
20000,1072675.87
20000,953349.43
20000,1006638.18
20000,993122.75
20000,1063705
20000,960274.25
20000,1008870.18
20000,933795.37
20000,1117382.37
20000,1003538.12
20000,1092171.87
20000,960274.25
20000,1074700.5
20000,927511.06
20000,953349.43
25000,835675.5
25000,814802.37
25000,826810.75
25000,835517.56
25000,841358.93
25000,809493.43
25000,829147.06
25000,848579.31
25000,829147.06
25000,835517.56
25000,809493.43
25000,831161
25000,839879.06
25000,848579.31
25000,801986.25
25000,824008.81
25000,808461.25
25000,797910.93
25000,823615.18
25000,838183.68
25000,819828.93
25000,806067.93
25000,841262.18
25000,838183.68
25000,816949.5
25000,833660.06
25000,831161
25000,786627.31
25000,860922.56
25000,837769.43
25000,826810.75
25000,822467.75
25000,803162.18
25000,820157.37
25000,828191.68
25000,835517.56
25000,801986.25
25000,824008.81
25000,813808.12
25000,824008.81
25000,823615.18
25000,825467.18
25000,838183.68
25000,819203
25000,804709.87
25000,836910.93
25000,806067.93
25000,822437.62
25000,847258.68
25000,804709.87
30000,721280
30000,686606.37
30000,671458.56
30000,760907.06
30000,741065.81
30000,703036.75
30000,759369.93
30000,720378.93
30000,688311.87
30000,698706.87
30000,720052.06
30000,714802.31
30000,693706.31
30000,764399.87
30000,686801.12
30000,714802.31
30000,757437.81
30000,732171.12
30000,728782.18
30000,710272.37
30000,766164.5
30000,714802.31
30000,693396.25
30000,704848.87
30000,711470.62
30000,688151.37
30000,674659.62
30000,714622.62
30000,734391.81
30000,757746.93
30000,731057.62
30000,685388.31
30000,699248.37
30000,739424.5
30000,725920.62
30000,735564.12
30000,698874.81
30000,738960.75
30000,754414.5
30000,708476.56
30000,717594.56
30000,757746.93
30000,712536.37
30000,714622.62
30000,702012.93
30000,704141.43
30000,680029.25
30000,696054.81
30000,722225.68
30000,744313.93
35000,639450.68
35000,646649.62
35000,683562.06
35000,668810.75
35000,613240.43
35000,619855.75
35000,602102.18
35000,658945.68
35000,625476.93
35000,631019.12
35000,588716.68
35000,702473.5
35000,662350.18
35000,671937.75
35000,698042.06
35000,609986.25
35000,648364.18
35000,624377.87
35000,604623.31
35000,588101.43
35000,596301.31
35000,694980.31
35000,606574.87
35000,685871.56
35000,694556.62
35000,641847.75
35000,596301.31
35000,586012.56
35000,596802.62
35000,602690.43
35000,587510.25
35000,611224
35000,683913.12
35000,576175.56
35000,588582.37
35000,595940.68
35000,613012.56
35000,698696.81
35000,577524.93
35000,687454
35000,654035.81
35000,607754.93
35000,627258.37
35000,664644.12
35000,660443.56
35000,601300.62
35000,673006.56
35000,632403.56
35000,632778.93
35000,624377.87
40000,583032.93
40000,567770.12
40000,595028.87
40000,585240.81
40000,604871
40000,572522.68
40000,602943.62
40000,602943.62
40000,581850.93
40000,580708.75
40000,567770.12
40000,588374.37
40000,601383.56
40000,565743.43
40000,574151.12
40000,581197.5
40000,597932.12
40000,593540.87
40000,596387.06
40000,575539.87
40000,567082
40000,586890.87
40000,561666
40000,570208.56
40000,565292.68
40000,599811.68
40000,576100.31
40000,563035.06
40000,561666
40000,591685
40000,567962.81
40000,566094.81
40000,567082
40000,563035.06
40000,570208.56
40000,567770.12
40000,564703.25
40000,596387.06
40000,597518.18
40000,562669.68
40000,590130.81
40000,593540.87
40000,593413.56
40000,597518.18
40000,598228.31
40000,582069.37
40000,564394.37
40000,600986.43
40000,569184.43
40000,586756.56
45000,540481.18
45000,511850.18
45000,562678.56
45000,555862.81
45000,531974.56
45000,600507.62
45000,588687.37
45000,547674.62
45000,577301.93
45000,594556.37
45000,547436
45000,590658.87
45000,549020.37
45000,595723.06
45000,575919.31
45000,579421.68
45000,586284.25
45000,571444.12
45000,554838.25
45000,566207.12
45000,553809.87
45000,576175.87
45000,576175.87
45000,585194.56
45000,563867.43
45000,564600.5
45000,572312
45000,554685.5
45000,611363.62
45000,572647.62
45000,574006.68
45000,540410.56
45000,563037.43
45000,547436
45000,579574
45000,555632.43
45000,602551.81
45000,544696.06
45000,550758.62
45000,568227.18
45000,569410.37
45000,597646.93
45000,581675.06
45000,594040.06
45000,548715.37
45000,585194.56
45000,570393.43
45000,546402.56
45000,576047.5
45000,601588
50000,485892.03
50000,520670.56
50000,868579.12
50000,559731.18
50000,492173
50000,571244.06
50000,488222.4
50000,551653.31
50000,495316.68
50000,561960
50000,490908.03
50000,581270.93
50000,493230.06
50000,581037.43
50000,500009.03
50000,594041.87
50000,490292.53
50000,562171.25
50000,494246.09
50000,553777
50000,479495.4
50000,515696.62
50000,478499.15
50000,529301.37
50000,497213.9
50000,517500.93
50000,543642.06
50000,492362.18
50000,557283.43
50000,476127.21
50000,517296.9
50000,494246.09
50000,530152
50000,517124.46
50000,489174.59
50000,577088.31
50000,468890.18
50000,556003.31
50000,488387.31
50000,544884.31
50000,534839.62
50000,532968.56
50000,516545.68
50000,506088.53
50000,552368.06
50000,489201.15
50000,565830.37
50000,503906.9
50000,530405.43
50000,548915.5
55000,483748.4
55000,441649.25
55000,465882.03
55000,460688.43
55000,465592.4
55000,465216.68
55000,436271.46
55000,459165.59
55000,455220.59
55000,444360.93
55000,455220.59
55000,450021.34
55000,439969.62
55000,435554.28
55000,462561
55000,430649.71
55000,440782.46
55000,440483.25
55000,437937.78
55000,454745.4
55000,444179.96
55000,461751.62
55000,445406.03
55000,447610.93
55000,445492.15
55000,435853.06
55000,461768.59
55000,452163.31
55000,449187.56
55000,440880.71
55000,451628.93
55000,451755.71
55000,456088.46
55000,458816.31
55000,432850.81
55000,444814.46
55000,437260.31
55000,453804.75
55000,442934.06
55000,445223.75
55000,461407.65
55000,457278.96
55000,430324.96
55000,451338.65
55000,448586
55000,459504.56
55000,440326.53
55000,462085.06
55000,461751.62
55000,457916.28
60000,421190.68
60000,416020
60000,431657.4
60000,433344.53
60000,414262.75
60000,418155.09
60000,405427.81
60000,402106.78
60000,418923.78
60000,406606.46
60000,419962.46
60000,400839.81
60000,421776.21
60000,410413.09
60000,429663.31
60000,416354.06
60000,407195.71
60000,410589.37
60000,410958.75
60000,408397.75
60000,417289.5
60000,429750.62
60000,406077.9
60000,410305
60000,423402.37
60000,429750.62
60000,435242.43
60000,417289.5
60000,404458.5
60000,403675.09
60000,414028.21
60000,416115.96
60000,410689.65
60000,427492.78
60000,427705.62
60000,421867.46
60000,435104
60000,435371.46
60000,433344.53
60000,404167.53
60000,406357.43
60000,434456.53
60000,404458.5
60000,415437.31
60000,418155.09
60000,416354.06
60000,402710.68
60000,415869.93
60000,407012.03
60000,414349.28
65000,397706.5
65000,404679.21
65000,387634.53
65000,395992.21
65000,397702.75
65000,392518.12
65000,394289.06
65000,387634.53
65000,402939.46
65000,387582.78
65000,389280.53
65000,401164.62
65000,399431.9
65000,395977.53
65000,392550.34
65000,397672.93
65000,395992.21
65000,395959.15
65000,395977.53
65000,389249.06
65000,392478.71
65000,394260
65000,404698.84
65000,395988.56
65000,404698.84
65000,397672.93
65000,397672.93
65000,397691.62
65000,392593.37
65000,394289.06
65000,392593.37
65000,390922.87
65000,395900.31
65000,395977.53
65000,397691.62
65000,392593.37
65000,385995.62
65000,397646.87
65000,389224.62
65000,397646.87
65000,389193.15
65000,389277
65000,397613.37
65000,399431.9
65000,395977.53
65000,395988.56
65000,390880.4
65000,389154.75
65000,392575.43
65000,387634.53
70000,367785.46
70000,361961.62
70000,366063.78
70000,374038.28
70000,380847.21
70000,375457.5
70000,375687.06
70000,369607.62
70000,375648.78
70000,363620.03
70000,379586.65
70000,361722.09
70000,378165.84
70000,380847.21
70000,365342.5
70000,372597.71
70000,375648.78
70000,361844.65
70000,372622.62
70000,372622.62
70000,361176.34
70000,377125.18
70000,362892.93
70000,371306.06
70000,381902.31
70000,367785.46
70000,364964.46
70000,368118.28
70000,375792.46
70000,363620.03
70000,375648.78
70000,371090.56
70000,367902.31
70000,369422.37
70000,371259.87
70000,366640.9
70000,381728.06
70000,365072.75
70000,375993.87
70000,361844.65
70000,374619.21
70000,375824.4
70000,378305.9
70000,374117.06
70000,371109.03
70000,363281.9
70000,363281.9
70000,381852
70000,378019.43
70000,360038.81
75000,349395.81
75000,354325.81
75000,356828.68
75000,355039.06
75000,354325.81
75000,348068.5
75000,347844
75000,349618.09
75000,357573.93
75000,354806.31
75000,355448.15
75000,346399.25
75000,353825.56
75000,345443.5
75000,350048.09
75000,348503.18
75000,350048.09
75000,350957.93
75000,355489.43
75000,342642.65
75000,349835.5
75000,346071.31
75000,353668.34
75000,350614.28
75000,350870.62
75000,361910.56
75000,346899.28
75000,346529.18
75000,345000
75000,345000
75000,346302.56
75000,344538.18
75000,351690.93
75000,344768.87
75000,348288.25
75000,345835.46
75000,353825.56
75000,351369.03
75000,345443.5
75000,344771.34
75000,342642.65
75000,351955
75000,347962.65
75000,337382.96
75000,344538.18
75000,350733.12
75000,355698.71
75000,352080.56
75000,346142.43
75000,353668.34
80000,334123.03
80000,332351.31
80000,327897.31
80000,335548.25
80000,339009.15
80000,334162.56
80000,329370.93
80000,334341.81
80000,335973.03
80000,329918.06
80000,332351.31
80000,335973.03
80000,340252.34
80000,338430.15
80000,339342.43
80000,337830.03
80000,333473.81
80000,338672.09
80000,336763.12
80000,333550.12
80000,333143.68
80000,336598.93
80000,334675.53
80000,333473.81
80000,336598.93
80000,334162.56
80000,336763.12
80000,335068.81
80000,332351.31
80000,341159.62
80000,330234.15
80000,332809.96
80000,328203.21
80000,329978.5
80000,334757.34
80000,333143.68
80000,337197.28
80000,337515.59
80000,336763.12
80000,332472.65
80000,337830.03
80000,336598.93
80000,332809.96
80000,334162.56
80000,329918.06
80000,334862.62
80000,327274.9
80000,338104.43
80000,331623.62
80000,336598.93
85000,323311.87
85000,327837.43
85000,329425.09
85000,318993.43
85000,326953.15
85000,320558.15
85000,325591.71
85000,322412.37
85000,335679.59
85000,335696.43
85000,316965.96
85000,312835.25
85000,309122.87
85000,319689.75
85000,311284.4
85000,329413.75
85000,319625.28
85000,328057.4
85000,314593.59
85000,335988.09
85000,317382.21
85000,324503.34
85000,322692.12
85000,308496.96
85000,323684.53
85000,308274.9
85000,316771.62
85000,307022.34
85000,330112.03
85000,323621.96
85000,317773.53
85000,318164.25
85000,325449.03
85000,308274.9
85000,335407.93
85000,333929.09
85000,312566.75
85000,332488.37
85000,307949.18
85000,341002.56
85000,318855.12
85000,322566.06
85000,316747.34
85000,322065.34
85000,316737.21
85000,311950.65
85000,312475.43
85000,315949.56
85000,317363.87
85000,315500.96
90000,304001.37
90000,302931.43
90000,297177.21
90000,310231.75
90000,309231.53
90000,301872.71
90000,301317.18
90000,301139.21
90000,302765.03
90000,301139.21
90000,305834.31
90000,300195.96
90000,304215.62
90000,299361
90000,301844.06
90000,310113.25
90000,311792.9
90000,300492.31
90000,303350.4
90000,300610.75
90000,300809.06
90000,306375.87
90000,306265.46
90000,309543.9
90000,306265.46
90000,307055.96
90000,297177.21
90000,307894.43
90000,312343
90000,300046.34
90000,298590.15
90000,300809.06
90000,303265.03
90000,305401.21
90000,301820.78
90000,308787.75
90000,307122
90000,309012.28
90000,303265.03
90000,299872.37
90000,301820.78
90000,304432.18
90000,303714.59
90000,307122
90000,308674.68
90000,303303.15
90000,297670.59
90000,299872.37
90000,302260.34
90000,305834.31
95000,283430.81
95000,286154.31
95000,284630.4
95000,326406.43
95000,301405.25
95000,261140.73
95000,302290.18
95000,328259.03
95000,257583.31
95000,259565
95000,324348.96
95000,305587.56
95000,336171.12
95000,274703.93
95000,270305.34
95000,295358.87
95000,302388.37
95000,334593.15
95000,256673.92
95000,283235.62
95000,263255.25
95000,303978.15
95000,305846.09
95000,261140.73
95000,298703.5
95000,320220.4
95000,275672.03
95000,273741.84
95000,287486.09
95000,298323.65
95000,276569.56
95000,260056.42
95000,333533.53
95000,324704.12
95000,285853.21
95000,332355.84
95000,312554.25
95000,258836.57
95000,278450.56
95000,285785.9
95000,326397.09
95000,307750.9
95000,283761.06
95000,334402.43
95000,331776.59
95000,313605.46
95000,283803.93
95000,258515.15
95000,277833.21
95000,258855.15
100000,281251.43
100000,264318.87
100000,264409.37
100000,298617.46
100000,296765.28
100000,269726.9
100000,263957.75
100000,263734.09
100000,298807.9
100000,279243.43
100000,288588.21
100000,291195.21
100000,300669.25
100000,275102.09
100000,299796.56
100000,299492.71
100000,264886.03
100000,274403.62
100000,274657
100000,274222.46
100000,280311.68
100000,267269.68
100000,293526
100000,298644.65
100000,262810.46
100000,293989.9
100000,295193.5
100000,273007.21
100000,284797.09
100000,275960.21
100000,287780.56
100000,259701.28
100000,292812.84
100000,265655.62
100000,279566.93
100000,291813.68
100000,271286.31
100000,280144
100000,266071.12
100000,294842.43
100000,273540.4
100000,271818.96
100000,282556.09
100000,284503.68
100000,281366.53
100000,287450.37
100000,269584.15
100000,299410.5
100000,272708.71
100000,297665.53
5000,4726194
5000,4598146.5
5000,5644141.5
5000,4666193.5
5000,5120963.5
5000,5065299.5
5000,5339295
5000,4890021.5
5000,4598146.5
5000,5578996.5
5000,4634414.5
5000,5044889
5000,5099875.5
5000,4598146.5
5000,5018053.5
5000,4726194
5000,4598146.5
5000,4946410
5000,4726194
5000,5284045.5
5000,4634414.5
5000,4523213
5000,5135169
5000,5498461.5
5000,4523213
5000,4946410
5000,4726194
5000,5018053.5
5000,4523213
5000,5065299.5
5000,4959208
5000,4777045
5000,4598146.5
5000,4959208
5000,4335711
5000,5018053.5
5000,4442561.5
5000,4557723
5000,4357335.5
5000,4959208
5000,4666193.5
5000,4442561.5
5000,4811872
5000,4264526
5000,4598146.5
5000,4264526
5000,4557723
5000,4442561.5
5000,4777045
5000,4401573.5
10000,3030554
10000,2848754.25
10000,2799706.5
10000,2795055.75
10000,2903069.25
10000,2982916.75
10000,2795055.75
10000,3048451
10000,2772145
10000,2795055.75
10000,2795055.75
10000,2858628.75
10000,2918790.25
10000,2856150.25
10000,2913521.5
10000,3030554
10000,2980101.5
10000,2799706.5
10000,2856150.25
10000,2724735.5
10000,2772145
10000,2913521.5
10000,2982916.75
10000,2848754.25
10000,2887600
10000,2785823.5
10000,3105697
10000,3030554
10000,3048451
10000,3105697
10000,2735543.75
10000,3030554
10000,2742090.5
10000,2636784.75
10000,2577502.5
10000,2630961.75
10000,2584809.25
10000,2539262.25
10000,2665483.75
10000,2525461.75
10000,2494391
10000,2541003.25
10000,2636784.75
10000,2450253
10000,2525461.75
10000,2577502.5
10000,2539262.25
10000,2584809.25
10000,2403939
10000,2636784.75
15000,1692315.62
15000,1756301.75
15000,1758609.62
15000,1555157
15000,1507288.75
15000,1523752.12
15000,1522625.12
15000,1780098.25
15000,1584343.12
15000,1505109.5
15000,1552366
15000,1548799.62
15000,1794971.75
15000,1749432.25
15000,1523752.12
15000,1804888.75
15000,1847606.25
15000,1522625.12
15000,1588161.37
15000,1571605.5
15000,1520752.62
15000,1506561.25
15000,1802394.25
15000,1588161.37
15000,1709842.25
15000,1781298.5
15000,1756301.75
15000,1588161.37
15000,1799290.25
15000,1706135
15000,1678072.87
15000,1533432.87
15000,1804264.25
15000,1555157
15000,1687187.37
15000,1522625.12
15000,1558365.12
15000,1804888.75
15000,1538826.87
15000,1732881.37
15000,1646823
15000,1588161.37
15000,1646823
15000,1608338.25
15000,1828791.25
15000,1505109.5
15000,1507288.75
15000,1651590.75
15000,1774132.62
15000,1758609.62
20000,1323673.25
20000,1354293.25
20000,1202309
20000,1356329.25
20000,1277407.62
20000,1206117.37
20000,1390207.37
20000,1381644.12
20000,1359606
20000,1359606
20000,1221323.75
20000,1416110.25
20000,1242000.5
20000,1202309
20000,1226119.5
20000,1359606
20000,1280029.62
20000,1265197.37
20000,1326336.75
20000,1219638.5
20000,1301964.25
20000,1280029.62
20000,1242418.62
20000,1367903.12
20000,1256455.12
20000,1265197.37
20000,1304498.62
20000,1364566
20000,1366231.5
20000,1242000.5
20000,1354293.25
20000,1208419.87
20000,1293622
20000,1280029.62
20000,1301964.25
20000,1219638.5
20000,1327483.25
20000,1340818.62
20000,1242418.62
20000,1374793
20000,1256455.12
20000,1300043.25
20000,1219638.5
20000,1423601.37
20000,1227932.5
20000,1440411.5
20000,1439434.75
20000,1380782.12
20000,1289276.87
20000,1196196.62
25000,1085371.62
25000,1138630.75
25000,1081240.5
25000,1119914.75
25000,1084265.37
25000,1071848.62
25000,1033645.06
25000,1071848.62
25000,1093565.37
25000,1106541.5
25000,1085371.62
25000,1084265.37
25000,1067276.37
25000,1093565.37
25000,1075064.12
25000,1092292.75
25000,1110080.62
25000,1077224
25000,1110080.62
25000,1138630.75
25000,1119914.75
25000,1075064.12
25000,1082887.37
25000,1093565.37
25000,1067276.37
25000,1064391.12
25000,1103836.5
25000,1050810.25
25000,1111416.5
25000,1121134
25000,1084265.37
25000,1110080.62
25000,1128455.37
25000,1108454.25
25000,1121134
25000,1082887.37
25000,1129858.87
25000,1114477.5
25000,1106541.5
25000,1071848.62
25000,1116582.75
25000,1110080.62
25000,1093565.37
25000,1106541.5
25000,1210167
25000,1185415.87
25000,1206345.87
25000,1198717.5
25000,1240342.37
25000,1215870.12
30000,1083763.62
30000,1044767.5
30000,1022958.18
30000,1115752.87
30000,1111598.75
30000,1022958.18
30000,1060845.75
30000,1059998.12
30000,1134121.75
30000,1145374.5
30000,1071986.25
30000,1124980.5
30000,1114463.87
30000,1054313
30000,1145374.5
30000,1126619
30000,1050552.25
30000,1067368.37
30000,1089092.87
30000,1059998.12
30000,1106748.62
30000,1141613.5
30000,1076664.62
30000,1053097.5
30000,1148841.12
30000,1096586.37
30000,1152004.87
30000,1091360.25
30000,1126619
30000,1104089.62
30000,1123039.12
30000,1117046.37
30000,1101376.62
30000,1111598.75
30000,1145374.5
30000,1117046.37
30000,1112124.87
30000,1104089.62
30000,1130312.25
30000,1091360.25
30000,1123039.12
30000,1086558.75
30000,1148841.12
30000,1081612.37
30000,1122188.12
30000,1119186.5
30000,1059998.12
30000,1101376.62
30000,1122188.12
30000,1066903.25
35000,947331.87
35000,946166.75
35000,1055191.25
35000,1045769.62
35000,935466
35000,1029872.06
35000,930205.68
35000,907422.43
35000,1039298.06
35000,1002397.68
35000,1020114.56
35000,994310.25
35000,906071.31
35000,956762
35000,1025343.06
35000,902901.62
35000,978345.5
35000,1014735.68
35000,919646.93
35000,991300.75
35000,1035862.75
35000,919646.93
35000,1015712.43
35000,939766.25
35000,900125.31
35000,1039544.81
35000,969818.5
35000,1001293.25
35000,983059.18
35000,969568.18
35000,1013418.43
35000,1015712.43
35000,902901.62
35000,974206.31
35000,1017848.5
35000,1013418.43
35000,926776.93
35000,1008876.43
35000,909109.56
35000,1020581.25
35000,969818.5
35000,996313.68
35000,960681.93
35000,960925.5
35000,974206.31
35000,1029872.06
35000,926776.93
35000,891402.31
35000,977267.25
35000,928838.37
40000,914728
40000,816532.06
40000,791966.62
40000,833318.31
40000,789011.93
40000,795038.31
40000,793262.93
40000,825076.93
40000,834571
40000,817347.37
40000,812076.06
40000,816532.06
40000,813951.18
40000,826574.25
40000,779737.75
40000,837386.18
40000,782244.31
40000,803924.81
40000,801147.93
40000,795735.06
40000,791966.62
40000,801147.93
40000,830607.18
40000,817347.37
40000,801147.93
40000,793262.93
40000,784721.56
40000,827859.62
40000,789583.93
40000,784721.56
40000,806672.75
40000,822969.56
40000,828835.5
40000,827859.62
40000,831720.31
40000,816532.06
40000,813951.18
40000,823928.25
40000,783067.43
40000,785660
40000,782244.31
40000,823928.25
40000,786332.37
40000,810862.68
40000,785660
40000,790758.93
40000,810862.68
40000,828835.5
40000,779737.75
40000,840164.43
45000,755054.12
45000,786734.06
45000,821587.68
45000,844324.25
45000,788948.37
45000,794469
45000,739158.5
45000,764843.06
45000,864327.87
45000,861525.93
45000,861418.75
45000,801773.06
45000,803362.56
45000,871454.12
45000,828399.25
45000,800508.25
45000,837443.81
45000,830729.06
45000,832884.75
45000,847198.93
45000,784916.5
45000,842345.93
45000,807981.87
45000,821154.06
45000,845977.87
45000,835317.81
45000,844324.25
45000,817098.31
45000,818658.12
45000,848732.93
45000,893460.43
45000,758909.75
45000,732565.06
45000,758690
45000,751754.93
45000,729420.62
45000,778639.56
45000,764743.06
45000,760675.25
45000,821401.75
45000,755608.25
45000,784565.25
45000,925353.5
45000,793043.18
45000,813794.18
45000,835317.81
45000,840049.75
45000,773932.12
45000,782843.06
45000,776720.06
50000,739160.25
50000,524078.53
50000,931546.93
50000,719053.5
50000,753840.5
50000,756401.93
50000,722362
50000,725976.68
50000,772782.68
50000,751834.18
50000,734985.93
50000,706519.43
50000,736362
50000,769870.81
50000,776283.81
50000,726584.37
50000,745815.62
50000,757754.06
50000,725197.5
50000,818011.31
50000,780883
50000,766710.62
50000,782371
50000,730196.93
50000,737677.56
50000,777639.06
50000,773122.81
50000,721147.81
50000,719834.12
50000,774487.81
50000,765107
50000,725197.5
50000,776151.37
50000,781423.12
50000,750585.25
50000,801733.43
50000,768864.56
50000,718611.5
50000,765005.5
50000,763765.62
50000,767426.62
50000,767426.62
50000,804934.87
50000,771244.62
50000,777159.93
50000,808594
50000,743383.18
50000,739160.25
50000,774619.5
50000,776283.81
55000,708264.06
55000,715356.56
55000,714497.56
55000,710783.18
55000,723533.56
55000,706397.43
55000,712664.18
55000,736743.37
55000,733667.31
55000,749373.5
55000,723924.81
55000,736743.37
55000,722450.12
55000,728027.12
55000,722515
55000,725452.25
55000,734733.87
55000,755355.81
55000,733690
55000,740462.87
55000,729536.25
55000,722450.12
55000,728049.25
55000,709981.5
55000,741512.5
55000,732853.62
55000,721651.56
55000,738584.5
55000,716957.12
55000,716957.12
55000,732853.62
55000,702111.68
55000,731975
55000,719933.81
55000,729091.43
55000,729091.43
55000,729091.43
55000,718058.43
55000,697825.12
55000,736743.37
55000,726967.43
55000,732853.62
55000,712664.18
55000,738238.31
55000,724512.75
55000,724512.75
55000,708264.06
55000,738584.5
55000,735759.37
55000,720812.56
60000,685028.87
60000,671476.12
60000,691410.81
60000,665489.25
60000,676351.56
60000,660776.43
60000,669798.81
60000,679019.75
60000,683988.43
60000,669798.81
60000,676997.62
60000,679019.75
60000,671108.12
60000,679019.75
60000,686992.43
60000,660776.43
60000,696952.56
60000,670705.81
60000,679546.31
60000,694145.75
60000,676997.62
60000,689029.87
60000,665489.25
60000,676997.62
60000,665916.37
60000,667289.12
60000,674122.31
60000,660776.43
60000,681298.06
60000,686673.37
60000,666310.18
60000,679019.75
60000,685028.87
60000,661932.68
60000,679019.75
60000,672989.43
60000,661194.68
60000,679019.75
60000,664535.18
60000,666670.31
60000,676997.62
60000,671809.56
60000,681646.37
60000,656539.18
60000,673572.93
60000,672108.37
60000,674122.31
60000,681646.37
60000,681298.06
60000,665028.68
65000,651561.75
65000,633452
65000,624952.87
65000,637849.06
65000,620730.43
65000,633572.5
65000,624837.25
65000,656148.75
65000,620744.56
65000,651545.37
65000,633452
65000,620687.93
65000,628879.31
65000,646716.75
65000,642433.25
65000,633211.25
65000,624837.25
65000,633211.25
65000,642448.93
65000,624447.43
65000,642197.75
65000,633452
65000,642433.25
65000,642386.06
65000,633346.62
65000,633527.31
65000,642448.93
65000,624909.5
65000,633211.25
65000,633346.62
65000,642386.06
65000,637972.06
65000,624736.06
65000,637603.25
65000,633527.31
65000,651496.12
65000,620730.43
65000,633572.5
65000,651561.75
65000,620687.93
65000,624909.5
65000,633587.62
65000,633587.62
65000,633572.5
65000,646716.75
65000,651561.75
65000,629233.25
65000,637926
65000,637987.5
65000,616356.5
70000,597426.43
70000,589389.81
70000,586526.93
70000,600218.18
70000,609365.06
70000,602509.06
70000,589389.81
70000,594420.12
70000,609365.06
70000,605975
70000,605333
70000,604586.75
70000,610307.06
70000,601983.12
70000,609705.93
70000,605975
70000,592846.06
70000,601983.12
70000,604586.75
70000,589389.81
70000,596708.87
70000,594660.43
70000,598313.93
70000,604586.75
70000,586247.81
70000,613451
70000,608997.75
70000,589389.81
70000,600218.18
70000,593210.12
70000,601353.87
70000,601681.31
70000,585944.81
70000,605975
70000,601983.12
70000,601000.68
70000,596708.87
70000,613798.75
70000,606256.43
70000,604972.87
70000,594660.43
70000,604174.75
70000,590316.25
70000,609365.06
70000,585944.81
70000,598043.43
70000,608997.75
70000,582214.81
70000,593864.62
70000,597747.5
75000,564270.43
75000,557941.43
75000,569423.93
75000,569423.93
75000,567768.87
75000,571607.56
75000,569435.18
75000,567768.87
75000,568341.43
75000,564270.43
75000,567768.87
75000,568341.43
75000,568341.43
75000,557399.62
75000,564270.43
75000,555070.25
75000,560814.31
75000,564832.5
75000,557399.62
75000,564832.5
75000,567768.87
75000,567768.87
75000,560814.31
75000,566395.12
75000,557399.62
75000,563688.18
75000,563085.75
75000,564270.43
75000,557399.62
75000,567768.87
75000,560814.31
75000,562463.56
75000,561897.75
75000,557399.62
75000,556838.37
75000,567768.87
75000,567175.75
75000,570706.06
75000,557399.62
75000,566562.12
75000,571310.37
75000,568341.43
75000,564270.43
75000,568893.18
75000,560814.31
75000,570080.93
75000,582201.12
75000,564270.43
75000,561366
75000,571310.37
80000,547031.06
80000,547787.87
80000,541384.5
80000,548640.37
80000,544568
80000,551096.75
80000,543714.25
80000,544568
80000,516424.96
80000,507199.09
80000,507908.25
80000,498984.18
80000,492304.87
80000,495421.12
80000,489699.87
80000,498296.25
80000,489020.43
80000,499558.31
80000,498821.62
80000,494936.68
80000,489020.43
80000,489699.87
80000,504232
80000,490198.53
80000,496158.09
80000,492304.87
80000,488736.4
80000,498821.62
80000,496883.06
80000,497311.9
80000,498072.75
80000,489020.43
80000,495421.12
80000,495625.9
80000,492983.12
80000,490198.53
80000,495625.9
80000,495421.12
80000,489020.43
80000,488329.34
80000,492304.87
80000,490198.53
80000,492304.87
80000,492059.56
80000,503721.21
80000,493521.78
80000,489699.87
80000,501512.71
80000,489020.43
80000,488329.34
85000,480808.15
85000,453462.25
85000,449214.93
85000,466299.5
85000,464784.31
85000,483749
85000,484131.21
85000,458003.4
85000,501220.09
85000,504040.06
85000,473941.68
85000,465623.53
85000,498620.31
85000,547216.37
85000,514138.43
85000,502337.59
85000,519006.5
85000,536330.43
85000,536959.87
85000,505924.78
85000,515492.93
85000,514311.53
85000,526867.93
85000,529881
85000,532907.87
85000,524795.5
85000,524869.12
85000,555045.18
85000,550700.81
85000,504105.31
85000,505974.25
85000,551585
85000,527399.18
85000,517491.87
85000,516226.62
85000,515911.81
85000,539930
85000,536428.62
85000,531097
85000,526273.31
85000,505579.06
85000,549208.37
85000,527885.31
85000,516156.65
85000,484124.03
85000,488241
85000,486597.75
85000,468371.37
85000,472136.5
85000,481148.03
90000,458574.81
90000,460928.59
90000,458744.46
90000,458744.46
90000,444879
90000,445079.78
90000,454431.09
90000,451322.62
90000,452766.06
90000,449715.12
90000,441003.15
90000,451149.12
90000,439160.71
90000,454926.84
90000,446701.78
90000,447878.75
90000,449041.46
90000,453274.56
90000,451436.37
90000,452766.06
90000,446701.78
90000,450623.9
90000,455418.06
90000,449981.81
90000,455202.93
90000,460260.56
90000,462982.56
90000,450916.12
90000,446951.53
90000,452440.09
90000,448253.59
90000,455855.31
90000,460928.59
90000,456578.71
90000,464176.18
90000,449041.46
90000,446018.5
90000,458342.68
90000,454431.09
90000,454241.78
90000,457723.28
90000,457106.34
90000,449715.12
90000,453681.34
90000,464000.4
90000,455571.9
90000,453438.37
90000,454241.78
90000,455202.93
90000,456399.09
95000,434762.03
95000,448008.34
95000,477298.03
95000,450592.31
95000,488551.81
95000,416283.75
95000,437520.4
95000,451280.78
95000,488864.78
95000,388411.43
95000,389817.43
95000,398077.96
95000,468784.59
95000,395581.37
95000,445883.68
95000,400553.5
95000,403308.68
95000,460638.93
95000,439943.28
95000,481492.87
95000,464722.12
95000,483200.56
95000,427055.75
95000,439584.12
95000,395581.37
95000,487406.81
95000,399934.62
95000,435474.37
95000,417571.12
95000,394919.12
95000,403691.78
95000,389956.46
95000,456546.62
95000,487445.59
95000,444629.18
95000,387585.28
95000,479197.18
95000,407952.31
95000,443274.28
95000,442901.06
95000,466073.53
95000,480210.93
95000,423010.28
95000,417962.15
95000,446097.81
95000,470346.15
95000,407952.31
95000,408526.96
95000,393310.5
95000,465809.09
100000,421687.71
100000,420392.81
100000,421835.71
100000,398189.12
100000,398770.25
100000,423541.46
100000,439487.31
100000,437195.28
100000,435033.96
100000,394245.31
100000,438945.4
100000,418584.9
100000,437656.5
100000,436452.4
100000,407394.28
100000,400319.37
100000,412780.15
100000,408396.21
100000,415974.93
100000,414940.65
100000,396278.65
100000,400769.68
100000,432965.15
100000,436186.84
100000,412412.18
100000,434581
100000,440926.53
100000,408986
100000,421122.56
100000,428705.21
100000,433868
100000,401230.31
100000,400140.53
100000,419410.59
100000,411082.43
100000,416558.9
100000,413745.28
100000,440234.15
100000,420064.62
100000,413745.28
100000,435752.71
100000,443467.78
100000,438824.62
100000,415974.93
100000,436186.84
100000,440740.03
100000,416558.9
100000,444707.15
100000,401860.21
100000,440007.93
5000,1570682.75
5000,1522204.5
5000,1519425.62
5000,1546555.37
5000,1544804.75
5000,1571499.75
5000,1522390.37
5000,1521647.62
5000,1520720.5
5000,1545776.5
5000,1544804.75
5000,1498969
5000,1476088
5000,1546360.5
5000,1521647.62
5000,1521647.62
5000,1498969
5000,1543447.37
5000,1470194.62
5000,1497375
5000,1476257.25
5000,1492623.37
5000,1476257.25
5000,1472039.25
5000,1474734.62
5000,1476257.25
5000,1494553.75
5000,1473553.62
5000,1497375
5000,1450191
5000,1473553.62
5000,1432838
5000,1473553.62
5000,1432838
5000,1472039.25
5000,1448427.37
5000,1454061.62
5000,1453576.12
5000,1474734.62
5000,1454061.62
5000,1451639
5000,1473553.62
5000,1451639
5000,1519425.62
5000,1498791.75
5000,1473553.62
5000,1517765.62
5000,1476088
5000,1498259.87
5000,1498969
10000,1217291.37
10000,1204839
10000,1197475.5
10000,1198479.87
10000,1204839
10000,1141471.5
10000,1185261.5
10000,1178249.12
10000,1198479.87
10000,1179031.75
10000,1166271.12
10000,1178249.12
10000,1191411.25
10000,1185261.5
10000,1211961.62
10000,1172299.87
10000,1198479.87
10000,1178249.12
10000,1171018.37
10000,1191411.25
10000,1204839
10000,1153753
10000,1204839
10000,1185261.5
10000,1197475.5
10000,1204839
10000,1204839
10000,1185261.5
10000,1198479.87
10000,1165345.37
10000,1182090.37
10000,1203447.87
10000,1191411.25
10000,1184113.37
10000,1171018.37
10000,1182090.37
10000,1168892
10000,1158183.25
10000,1184113.37
10000,1165345.37
10000,1176601.87
10000,1184113.37
10000,1165345.37
10000,1165345.37
10000,1197475.5
10000,1184113.37
10000,1176601.87
10000,1178249.12
10000,1165345.37
10000,1171018.37
15000,922090.06
15000,916638.75
15000,963325.12
15000,902913.5
15000,982356.31
15000,969900.87
15000,898833.56
15000,1012729.18
15000,1015389.43
15000,973411.06
15000,1055040.87
15000,958047.62
15000,1022416.31
15000,1007688.62
15000,952121.12
15000,950154.75
15000,1040313.37
15000,1018744.18
15000,963325.12
15000,1054230.5
15000,960157.68
15000,952901.93
15000,985647.5
15000,910319.18
15000,1006169.31
15000,962234.25
15000,953638.56
15000,981601.31
15000,910479.68
15000,933161.37
15000,965135.68
15000,916638.75
15000,947747.75
15000,928659.62
15000,922423.56
15000,913543.62
15000,948926.18
15000,913543.62
15000,927088.75
15000,909238.68
15000,944193.68
15000,929811
15000,927088.75
15000,981802.56
15000,968739.12
15000,958047.62
15000,973411.06
15000,934676.5
15000,987024.5
15000,955163.18
20000,815602.5
20000,798996.5
20000,808392.81
20000,825420.31
20000,809981.68
20000,808392.81
20000,796643.06
20000,800558.5
20000,828379.75
20000,823769.5
20000,817085.56
20000,804475.37
20000,807443.93
20000,833762.56
20000,789812.93
20000,779824.75
20000,831214.56
20000,817085.56
20000,808767.5
20000,795240.93
20000,835378.81
20000,822704.87
20000,819685.56
20000,809981.68
20000,815602.5
20000,827853.31
20000,822704.87
20000,815602.5
20000,831214.56
20000,856324.75
20000,822007.43
20000,834110.31
20000,837933.37
20000,818009.12
20000,832721.68
20000,830870.37
20000,810010.62
20000,812309.56
20000,838543.5
20000,834110.31
20000,843997
20000,812309.56
20000,796643.06
20000,812923.87
20000,833762.56
20000,795570.12
20000,798996.5
20000,829996.06
20000,808392.81
20000,823769.5
25000,694135.56
25000,689811.06
25000,681296.31
25000,681296.31
25000,694135.56
25000,694697.75
25000,702921.56
25000,696630.43
25000,706103.12
25000,692259.43
25000,699115.5
25000,707383.93
25000,689118.81
25000,707383.93
25000,691631.5
25000,683119
25000,692259.43
25000,694135.56
25000,687353.31
25000,694135.56
25000,699115.5
25000,701048.06
25000,714585.5
25000,710025.06
25000,712656.62
25000,710025.06
25000,711893.43
25000,704734.31
25000,711893.43
25000,711893.43
25000,711893.43
25000,702921.56
25000,727370.5
25000,717268.31
25000,736220.43
25000,734240.18
25000,721930.06
25000,722603.37
25000,711893.43
25000,736220.43
25000,731405.43
25000,731405.43
25000,721930.06
25000,734240.18
25000,717268.31
25000,734240.18
25000,738129.62
25000,725708.87
25000,728561.37
25000,736220.43
30000,643990.25
30000,653881.62
30000,661598.75
30000,651524.87
30000,661868.12
30000,645558.62
30000,645838.37
30000,655878.12
30000,645971
30000,643990.25
30000,640169
30000,657908.56
30000,641868.62
30000,653835.75
30000,657830.75
30000,659926.62
30000,657830.75
30000,663987
30000,659910.87
30000,649897.68
30000,636344.5
30000,659910.87
30000,659738.12
30000,655739.31
30000,640154.68
30000,657830.75
30000,659910.87
30000,645956.18
30000,638198.5
30000,647865.93
30000,647643
30000,649717.68
30000,636344.5
30000,638269.5
30000,645838.37
30000,653835.75
30000,645794.18
30000,647865.93
30000,649717.68
30000,645838.37
30000,642100.06
30000,657830.75
30000,657908.56
30000,642056.62
30000,642100.06
30000,661979.12
30000,659910.87
30000,638198.5
30000,651842.68
30000,655862.68
35000,593204.93
35000,565701.06
35000,577990.93
35000,573298
35000,559376.31
35000,577990.93
35000,600966.62
35000,565065.87
35000,572832.93
35000,587878.12
35000,564057.87
35000,597047.93
35000,585902.06
35000,568505.56
35000,576669.93
35000,584055.18
35000,577990.93
35000,573018.81
35000,560262.68
35000,589255.31
35000,569000.68
35000,600062.81
35000,592438.37
35000,574762.62
35000,576175.56
35000,593204.93
35000,570289.93
35000,580810.87
35000,591754.37
35000,576669.93
35000,579299.68
35000,562389.87
35000,577990.93
35000,572152.81
35000,570830.56
35000,604489.81
35000,564600.75
35000,602366.06
35000,568152.75
35000,598079.12
35000,603944.68
35000,576175.56
35000,570830.56
35000,594032.06
35000,564038.18
35000,607065.75
35000,584055.18
35000,596068.56
35000,576049.56
35000,577598.93
40000,552307.25
40000,529543.75
40000,539706.62
40000,532320.62
40000,539419.56
40000,551274.37
40000,543001.81
40000,545924.93
40000,541342.31
40000,535532.56
40000,541166.62
40000,542214.25
40000,519623
40000,534134.43
40000,547236.31
40000,543250.25
40000,533300.87
40000,530442.5
40000,549280.87
40000,556402.12
40000,530723.81
40000,532070.18
40000,527613.37
40000,552008.87
40000,560082.87
40000,565102.62
40000,556927.62
40000,572065.93
40000,552914.81
40000,561881.93
40000,552428.62
40000,558696.43
40000,564195.25
40000,565994.31
40000,553261.5
40000,547891.06
40000,557819.56
40000,570712.37
40000,564195.25
40000,550968.37
40000,552428.62
40000,557819.56
40000,574025.37
40000,568786.56
40000,550968.37
40000,554079.37
40000,560082.87
40000,571651.62
40000,570712.37
40000,565994.31
45000,519594.15
45000,468177.46
45000,464722.31
45000,481701.34
45000,474875.78
45000,473214.28
45000,464514.9
45000,468005.43
45000,464991.87
45000,464190.25
45000,486779.34
45000,473778.09
45000,460106.96
45000,464722.31
45000,484169.65
45000,481976.5
45000,458649.12
45000,469989.34
45000,471300.62
45000,476657.87
45000,486566.71
45000,466954.59
45000,468005.43
45000,470792.28
45000,468102.93
45000,486566.71
45000,479566.09
45000,473232.06
45000,475409.53
45000,475409.53
45000,489222.15
45000,464028.18
45000,474606.65
45000,475565.81
45000,491695.5
45000,470250.71
45000,472764.71
45000,492014.81
45000,511910.15
45000,508347.93
45000,510305.37
45000,498679.9
45000,502289.12
45000,499653.31
45000,511020.06
45000,505075.03
45000,492869.34
45000,506536.4
45000,487580.96
45000,493070.25
50000,572345.62
50000,482394.59
50000,482172.15
50000,387349.25
50000,393036.68
50000,449777.28
50000,452314.21
50000,472362.56
50000,460594.31
50000,456632.43
50000,451722.96
50000,468674.21
50000,459221.96
50000,476378.15
50000,505589.87
50000,522229
50000,483466.62
50000,452308.96
50000,470109.75
50000,462286.53
50000,444311.12
50000,451477.68
50000,486549.78
50000,509740.84
50000,496609.12
50000,479952
50000,466899.62
50000,476035.53
50000,472290.93
50000,465082.34
50000,464082.43
50000,466088.65
50000,471433.81
50000,469451.84
50000,468097.9
50000,465493.21
50000,464604.31
50000,457086.21
50000,459832.21
50000,460544.5
50000,458723.56
50000,458085
50000,459304.31
50000,462802.31
50000,461260.06
50000,458433.93
50000,465796.37
50000,470422.03
50000,467790.18
50000,461917.56
55000,448332.56
55000,473473.09
55000,478562.56
55000,470829.84
55000,454470.65
55000,446397.28
55000,466212.81
55000,477285.75
55000,472272.68
55000,457492.96
55000,455263.9
55000,448539.37
55000,461836.31
55000,466079.25
55000,450492.34
55000,446483.96
55000,448627.34
55000,448332.56
55000,445507.37
55000,452274.68
55000,441461.68
55000,449948.18
55000,446076.31
55000,443553.21
55000,443698.37
55000,441738.12
55000,439530.81
55000,446193.37
55000,443698.37
55000,446300.37
55000,443959.03
55000,440091.78
55000,438111.25
55000,446397.28
55000,443959.03
55000,438111.25
55000,436066.87
55000,444179.96
55000,442079.59
55000,435895.81
55000,443959.03
55000,437937.78
55000,439896.4
55000,442079.59
55000,440174.87
55000,442258
55000,442258
55000,439784.18
55000,444501.93
55000,438183.59
60000,416517.21
60000,422233.28
60000,414761.93
60000,418494.28
60000,418392.46
60000,418481.59
60000,416617.71
60000,412853.34
60000,416605.12
60000,418430.65
60000,414724.75
60000,412853.34
60000,418481.59
60000,414559.59
60000,414658.65
60000,416517.21
60000,420237.34
60000,412902.25
60000,412918.56
60000,414761.93
60000,426172.96
60000,420353.5
60000,420387.9
60000,418498.56
60000,422298.71
60000,416621.9
60000,412918.56
60000,396979.09
60000,395347.59
60000,388730.9
60000,392007.81
60000,390240.21
60000,385501.59
60000,391997.34
60000,385501.59
60000,380713.93
60000,392007.81
60000,387080.9
60000,390360.75
60000,383882.4
60000,388727.5
60000,382332
60000,380736.31
60000,380765.09
60000,380761.87
60000,390360.75
60000,387097.71
60000,388645.84
60000,385501.59
60000,383898.78
65000,362207.75
65000,370477.5
65000,368099.71
65000,366634.12
65000,368099.71
65000,370607.12
65000,362103.65
65000,362103.65
65000,363305
65000,366531.96
65000,366066.12
65000,368995.34
65000,368861.46
65000,364354.9
65000,364972.56
65000,369245.59
65000,366424.09
65000,369361.93
65000,358690.12
65000,361994.03
65000,363182.9
65000,364489.71
65000,369361.93
65000,367772.18
65000,366191.15
65000,368861.46
65000,366531.96
65000,366821.12
65000,370848.59
65000,366310.5
65000,366066.12
65000,364489.71
65000,363055.28
65000,364860.31
65000,367254.65
65000,370607.12
65000,365657.06
65000,362207.75
65000,364972.56
65000,363637.81
65000,365275.37
65000,370848.59
65000,366066.12
65000,364489.71
65000,363055.28
65000,366424.09
65000,372347.15
65000,364860.31
65000,366066.12
65000,359059.78
70000,346053.71
70000,343478.5
70000,347970.31
70000,344761.34
70000,347355.65
70000,348879.28
70000,345625.43
70000,344072.78
70000,345841.9
70000,346260.93
70000,340738.28
70000,343059.71
70000,343478.5
70000,347770.12
70000,343681.15
70000,347565.21
70000,342601.31
70000,346471.03
70000,342205.06
70000,345404.46
70000,343879.21
70000,343896.34
70000,344337.87
70000,345166.62
70000,343271.34
70000,344337.87
70000,341332.75
70000,344966.28
70000,341790.9
70000,347141.43
70000,344119.37
70000,343681.15
70000,349769.62
70000,347355.65
70000,341139.06
70000,344966.28
70000,342601.31
70000,340940.87
70000,342843.62
70000,346053.71
70000,346053.71
70000,349545.78
70000,342405.43
70000,341790.9
70000,347770.12
70000,347355.65
70000,347355.65
70000,344966.28
70000,347141.43
70000,342000.18
75000,326766.65
75000,328465.87
75000,328800.62
75000,329359.34
75000,330531.9
75000,328194.84
75000,330251.34
75000,330531.9
75000,330531.9
75000,328194.84
75000,327570.93
75000,331992.34
75000,329633.18
75000,330251.34
75000,327306.5
75000,326416.71
75000,327306.5
75000,330808.71
75000,328465.87
75000,327306.5
75000,328465.87
75000,325620.87
75000,326212.43
75000,326491.31
75000,327360.18
75000,327360.18
75000,330850.84
75000,329081.78
75000,326212.43
75000,326212.43
75000,329081.78
75000,327360.18
75000,329359.34
75000,328515.78
75000,324748.96
75000,328194.84
75000,329081.78
75000,329633.18
75000,329633.18
75000,328465.87
75000,328733.15
75000,328733.15
75000,329633.18
75000,328465.87
75000,326416.71
75000,327570.93
75000,328996.68
75000,325011.5
75000,329633.18
75000,328465.87
80000,312492.34
80000,314648.96
80000,313599.71
80000,313932.87
80000,312171.37
80000,314648.96
80000,312886.9
80000,314648.96
80000,312224.46
80000,313599.71
80000,313263.75
80000,311847.56
80000,312886.9
80000,313263.75
80000,314915.37
80000,313932.87
80000,312810.56
80000,312886.9
80000,311135.34
80000,314590.68
80000,313125.87
80000,315977.93
80000,315237.12
80000,312886.9
80000,313213.93
80000,312080.37
80000,312171.37
80000,312886.9
80000,312492.34
80000,312886.9
80000,314985.46
80000,312171.37
80000,313263.75
80000,312886.9
80000,313599.71
80000,311521
80000,313599.71
80000,313932.87
80000,314985.46
80000,312557.06
80000,311521
80000,313263.75
80000,314309.65
80000,313263.75
80000,310859.68
80000,312925.12
80000,316381.87
80000,313538.18
80000,315704.87
80000,314985.46
85000,299816.43
85000,329618.68
85000,321309.06
85000,326241.56
85000,330559.31
85000,332009.93
85000,313833.62
85000,314419.43
85000,315604.93
85000,313599.78
85000,321184.62
85000,314956.81
85000,307570.75
85000,307400.59
85000,304433
85000,309987.37
85000,312173.03
85000,299281.15
85000,306713.4
85000,308356.96
85000,308566.12
85000,311232.59
85000,305000.15
85000,315279.37
85000,307177.15
85000,309567.46
85000,302589.87
85000,306557.46
85000,316317.46
85000,305378.18
85000,312987.31
85000,310353.84
85000,305009.18
85000,286862.28
85000,291244.78
85000,299768.46
85000,301502.65
85000,293040.78
85000,303425.43
85000,305246
85000,303077.59
85000,304913.5
85000,309196.18
85000,308762.62
85000,312103.37
85000,301354.53
85000,314263.28
85000,317975.87
85000,304823.37
85000,310454.71
90000,295462.81
90000,279124.9
90000,275578.71
90000,277545.46
90000,279509.43
90000,281131.53
90000,279106.5
90000,275593.68
90000,281517.12
90000,286049.09
90000,284773
90000,282328.34
90000,285638.56
90000,285219.15
90000,283105.18
90000,279129.15
90000,283570.25
90000,284393.34
90000,283139.15
90000,284809.09
90000,286883.31
90000,285552.06
90000,286423.21
90000,281493.9
90000,286883.31
90000,286375.81
90000,283056.43
90000,280324.84
90000,282754.21
90000,283558.34
90000,283976.43
90000,282743.9
90000,283571.71
90000,284376.87
90000,283954.06
90000,284376.87
90000,286473.71
90000,283571.71
90000,283976.43
90000,283530.12
90000,284376.87
90000,284773
90000,284345.43
90000,283954.06
90000,286472.21
90000,286472.21
90000,284376.87
90000,283162.81
90000,286894.09
90000,286883.31
95000,273539.93
95000,285579.59
95000,259709.29
95000,264339.37
95000,260443.96
95000,272661.96
95000,255369
95000,264765.09
95000,284314.06
95000,262997.59
95000,276637.65
95000,271424.37
95000,261980.42
95000,281783.12
95000,259418.59
95000,263050
95000,277755.62
95000,275705.71
95000,266130.5
95000,279390.21
95000,285942.5
95000,259007.6
95000,264147.65
95000,266693.28
95000,270991.12
95000,272503.12
95000,281232.81
95000,266697.09
95000,257457.37
95000,276986
95000,276478.84
95000,284180.12
95000,271924.4
95000,265321.75
95000,281642.28
95000,265963.87
95000,270819.18
95000,267085.78
95000,260251.17
95000,258256.12
95000,290849.15
95000,274350.28
95000,260786.9
95000,272580.46
95000,274267.21
95000,266152
95000,264042.71
95000,257691.07
95000,270841.84
95000,291715.59
100000,264701.62
100000,259719.2
100000,266879.59
100000,270775.65
100000,260495
100000,264120.56
100000,267971.25
100000,267971.25
100000,262332.56
100000,269077.75
100000,259395.59
100000,260861.34
100000,261979.57
100000,263654.25
100000,266198.09
100000,258827.53
100000,263130.87
100000,268655.9
100000,261413.79
100000,259117.01
100000,270597.53
100000,268403
100000,265932.84
100000,258684.87
100000,258186.98
100000,265932.84
100000,257224.04
100000,265178.59
100000,268655.9
100000,265728.37
100000,263455
100000,257572.12
100000,266394.65
100000,259937.57
100000,258571.9
100000,265902.12
100000,269227.65
100000,256495.35
100000,258198.68
100000,258684.87
100000,259782.37
100000,261322.7
100000,256325.64
100000,268051.15
100000,256597.64
100000,268546.5
100000,259919.65
100000,269835.09
100000,257935.59
100000,257744.34
